ID,post_title,post_content,post_excerpt
116128,"LEXINGTON","Lexington是一套具有强烈建筑学内涵的陈设系列。特点体现在悬吊或靠墙构造当中：在所需的高度上，可以挂载搭配铰链门、抽屉或翻转门的搁板和储物柜。立柱的涂漆饰面可选择champagne或ardesia，也可以选择橡木金和榆木黑，呈现出更温暖的感觉。在悬挂的款式中，此系列具有双面设计完善组合的可能性，非常适合分隔房间的中心地带。Lexington亦包含睡眠空间系列。","Lexington是一套具有强烈建筑学内涵的陈设系列。特点体现在悬吊或靠墙构造当中：在所需的高度上，可以挂载搭配铰链门、抽屉或翻转门的搁板和储物柜。立柱的涂漆饰面可选择champagne或ardesia，也可以选择橡木金和榆木黑，呈现出更温暖的感觉。在悬挂的款式中，此系列具有双面设计完善组合的可能性，非常适合分隔房间的中心地带。Lexington亦包含睡眠空间系列。"
58794,"BRISTOL系列","靠垫的舒适感和扶手的轻盈感凸显了Bristol系列的美学特色。此系列构成元素多样，兼具现代沙发系统的设计质感和宽松比例。Bristol沙发分为单/双靠垫款和无靠垫款，亦可搭配包括Bristol系列的小茶几、头枕、书桌在内丰富的附件元素，依您的需求与个性打造出一片休闲空间。","靠垫的舒适感和扶手的轻盈感凸显了Bristol系列的美学特色。此系列构成元素多样，兼具现代沙发系统的设计质感和宽松比例。Bristol沙发分为单/双靠垫款和无靠垫款，亦可搭配包括Bristol系列的小茶几、头枕、书桌在内丰富的附件元素，依您的需求与个性打造出一片休闲空间。"
58851,"KAY LOUNGE系列","Kay Lounge系列优雅、轻盈而精致，是一款自带现代感的扶手椅。此系列的特色体现于缎面或棕色涂漆金属，呈现了具有建筑灵感的线性结构。宽大、温馨而舒适的座椅和靠背分为三种饰面，即毛边马鞍皮革、皮革与织物，更有专为此系列独家精选的毛皮和编织皮革包覆层。Kay Lounge的现代线条和包覆层特殊性在各种情况下都显得与众不同：既可单独摆放，亦可搭配特色脚凳，或作为大型起居空间或公共空间的补充。Kay Lounge也是一款在设计和舒适度之间重新诠释潮流品味和现实需求的座椅产品。","Kay Lounge系列优雅、轻盈而精致，是一款自带现代感的扶手椅。此系列的特色体现于缎面或棕色涂漆金属，呈现了具有建筑灵感的线性结构。宽大、温馨而舒适的座椅和靠背分为三种饰面，即毛边马鞍皮革、皮革与织物，更有专为此系列独家精选的毛皮和编织皮革包覆层。Kay Lounge的现代线条和包覆层特殊性在各种情况下都显得与众不同：既可单独摆放，亦可搭配特色脚凳，或作为大型起居空间或公共空间的补充。Kay Lounge也是一款在设计和舒适度之间重新诠释潮流品味和现实需求的座椅产品。"
58875,"LE CLUB系列","Le Club扶手椅以当代特色重新诠释了属于上世纪俱乐部的宽大皮革扶手椅设计原型，更具时尚感、轻便性和精致感。Le Club一方面保留了原型扶手椅的曲线和无与伦比的舒适感，另一方面以更加休闲和现代的优雅感减少了产品体积，让人回想起上世纪70年代的设计形态。织物或皮革饰面完美贴合结构且不可拆卸，钢制座椅采用模制柔性聚氨酯，与扶手椅设计相得益彰，呈现出极高的制造品质。","Le Club扶手椅以当代特色重新诠释了属于上世纪俱乐部的宽大皮革扶手椅设计原型，更具时尚感、轻便性和精致感。Le Club一方面保留了原型扶手椅的曲线和无与伦比的舒适感，另一方面以更加休闲和现代的优雅感减少了产品体积，让人回想起上世纪70年代的设计形态。织物或皮革饰面完美贴合结构且不可拆卸，钢制座椅采用模制柔性聚氨酯，与扶手椅设计相得益彰，呈现出极高的制造品质。"
58638,"FRAME系列","Frame是一款由竹丝制成的现代地毯，这种材料具有独特的彩虹色外观。Frame系列有椭圆形和矩形款，后者应用了同颜色的喜马拉雅羊毛单色织边。","Frame是一款由竹丝制成的现代地毯，这种材料具有独特的彩虹色外观。Frame系列有椭圆形和矩形款，后者应用了同颜色的喜马拉雅羊毛单色织边。"
58545,"SHAPE系列","Shape is a kitchen with a contemporary feel that combines the functionality of doors with handles with the sleek aesthetic of handleless cabinets. On the base units, the handle profile is positioned in the centre or at the side, while it takes the form of a full-length moulding on the tall units. Shape is enhanced with elements and accessories designed to improve the experience of those who use the kitchen every day, such as the worktop with a fully equipped and cantilevered sink featuring the Minus leg, the Infinity range hood with a luminous extractor unit, a plant grow light unit, luminous modules with glass display cases and the Moon breakfast bar with rotating insert. A modern kitchen with an exclusive selection of materials.","Shape是一套具有现代感的厨房系列产品，它结合了门把手的功能和无把手橱柜的美感特色。在基础款中，把手轮廓集成在门的中央或侧面，而加高款则呈现出全尺寸形态。Shape系列经过专门设计，配有改善厨房日常使用者体验的元素和附件，例如采用悬臂式水槽（采用Minus支柱）且配备完善的台面，带有照明抽取装置、植物生长光照装置和玻璃柜照明装置的Infinity抽油烟机，以及搭配旋转插件的Moon小吃桌。独家精选材料，打造现代厨房。"
58641,"PLAIN系列","Plain地毯有长方形或圆形，由芦荟纤维和竹丝混合制成，这两种材料非常耐用，质量上乘。地毯共有五种颜色、两种款式，特色在于同色彩的深色调部分。","Plain地毯有长方形或圆形，由芦荟纤维和竹丝混合制成，这两种材料非常耐用，质量上乘。地毯共有五种颜色、两种款式，特色在于同色彩的深色调部分。"
58515,"LEXINGTON系列","Lexington是一套立式夜间陈设系列，共有墙壁和天花板内嵌两种配置，使用这套陈设可以在两侧打造出双面组合。搁板、抽屉和各类装置均安装在香槟色或石板色漆面的支柱上，这一特色与Senzafine系列相同。Lexington亦包含日间起居陈设，在尺寸、使用环境和饰面方面具有无限的灵活性，呈现了陈设世界的演进变化，实现了对房屋内不同空间的完全整合。","Lexington是一套立式夜间陈设系列，共有墙壁和天花板内嵌两种配置，使用这套陈设可以在两侧打造出双面组合。搁板、抽屉和各类装置均安装在香槟色或石板色漆面的支柱上，这一特色与Senzafine系列相同。Lexington亦包含日间起居陈设，在尺寸、使用环境和饰面方面具有无限的灵活性，呈现了陈设世界的演进变化，实现了对房屋内不同空间的完全整合。"
58648,"SOFT系列","柔软的地毯由25种不同深浅的灰色纱线交织而成，因竹丝的斑块和彩虹色外观而受到青睐。Soft地毯呈长方形，具有现代感、柔软感和精致感。","柔软的地毯由25种不同深浅的灰色纱线交织而成，因竹丝的斑块和彩虹色外观而受到青睐。Soft地毯呈长方形，具有现代感、柔软感和精致感。"
58512,"DROP系列","Drop是一面宽大的圆形镜子，优雅而尊贵。其特色在于结合了挂墙带的皮革框架。","Drop是一面圆形镜子，优雅而尊贵……"
58632,"DAMA系列","Dama地毯因方格图案而与众不同，这种图案可以为任意空间带来活泼优雅的观感。纬纱由棉纤维制成，天然色调的喜马拉雅羊毛和黑色竹丝交织制成了织绒。","Dama地毯因方格图案而与众不同，这种图案可以为任意空间带来活泼优雅的观感。纬纱由棉纤维制成，天然色调的喜马拉雅羊毛和黑色竹丝交织制成了织绒。"
58564,"RELIEF系列","Relief地毯由不同长度的切割羊毛制成，结合了罗纹效果和周边装饰。织物由喜马拉雅羊毛和竹丝混合制成，这种组合强调柔软和舒适的触感，可选颜色包括珍珠灰、驼毛黄和鸽子灰。","Relief地毯由不同长度的切割羊毛制成，结合了罗纹效果和周边装饰。织物由喜马拉雅羊毛和竹丝混合制成，这种组合强调柔软和舒适的触感，可选颜色包括珍珠灰、驼毛黄和鸽子灰。"
58635,"STRIPES系列","Stripes是一款条纹地毯，也是Poliform系列的永恒经典。黑色条纹由竹丝制成，而自然色调的条纹则源自喜马拉雅羊毛。","Stripes是一款条纹地毯，也是Poliform系列的永恒经典。黑色条纹由竹丝制成，而自然色调的条纹则源自喜马拉雅羊毛。"
58773,"HENRY系列","Henry是一套优雅的小茶几系列，搭配大理石或玻璃桌面以及木框架，呈现出线性美感。Henry系列包括各种造型和尺寸，可以独立或组合使用。","Henry是一套优雅的小茶几系列，搭配大理石或玻璃桌面以及木框架，呈现出线性美感。Henry系列包括各种造型和尺寸，可以独立或组合使用。"
58522,"CANNELÉ系列","Cannelé是一款以条纹图案为特色的双色地毯。为更加精确地制作条纹，系列运用了两种工艺，即黑色圈圈纱和珍珠手工羊毛面料。纬纱由棉纤维、喜马拉雅羊毛与竹丝织绒，以及喜马拉雅羊毛圈圈纱制成。地毯由传统手摇织机以纯手工技艺制作而成。","Cannelé是一款双色地毯，其特色图案……"
58520,"SYMPHONY系列","Symphony是一套橱柜系列，尊贵的材料和精准的工艺体现出了线条之美的精髓。橱柜以椭圆造型为特色，木饰面更突出了外观美感。系列产品包含高度和尺寸各异的附件，从高、中款式的柜门，到搭配多个或单个抽屉和开放式隔层的低尺寸款式，均安置在带支撑脚的底座上。","Symphony是一套橱柜系列，其精华……"
58542,"PHOENIX系列","Phoenix系列诞生自Poliform设计理念，作为一款厨房系列产品，您可以极高的自由度进行空间设计。得益于凹槽开口的特殊设计，将把手等技术细节转化为美学细节，这种变化对于改善用户的厨房体验至关重要。除了开门的实用性和门的开合便利性外，把手的线性外观也为组合赋予了轻盈的现代风格。Phoenix是最受设计师喜爱的厨房样板之一，其灵活性与可定制的设计和饰面备受赞誉。","Phoenix系列诞生自Poliform设计理念，作为一款厨房系列产品，您可以极高的自由度进行空间设计。得益于凹槽开口的特殊设计，将把手等技术细节转化为美学细节，这种变化对于改善用户的厨房体验至关重要。除了开门的实用性和门的开合便利性外，把手的线性外观也为组合赋予了轻盈的现代风格。Phoenix是最受设计师喜爱的厨房模型之一，其灵活性与可定制的设计和饰面备受赞誉。"
58567,"TRATTO系列","Tratto是一款搭配现代图案的地毯，由触感柔软的喜马拉雅羊毛和彩虹色竹丝混合制成。其特色在于几何图案，共有三种色彩鲜艳的组合，包括鸽灰色底座上的锈色、鸽灰色底座上的炭黑色和炭黑底座上的鸽灰色，造型则有方形和矩形两种。","Tratto是一款搭配现代图案的地毯，由触感柔软的喜马拉雅羊毛和彩虹色竹丝混合制成。其特色在于几何图案，共有三种色彩鲜艳的组合，包括鸽灰色底座上的锈色、鸽灰色底座上的炭黑色和炭黑底座上的鸽灰色，造型则有方形和矩形两种。"
58752,"SOORI系列","受到巴厘岛及其文化的启发，尤其是受到印度尼西亚天堂岛村庄所使用的传统花瓶的启发，Soori成为一款原创性和美感十足的小茶几，摆放在客厅和卧室中均十分出众。Soori共有搭配金属和古铜色饰面的三种尺寸产品，最小款式亦搭配亮光漆和哑光漆饰面。","受到巴厘岛及其文化的启发，尤其是受到印度尼西亚天堂岛村庄所使用的传统花瓶的启发，Soori成为一款原创性和美感十足的小茶几，摆放在客厅和卧室中均十分出众。Soori共有搭配金属和古铜色饰面的三种尺寸产品，最小款式亦搭配亮光漆和哑光漆饰面。"
58809,"SAINT-GERMAIN系列","Saint-Germain沙发系列的造型兼具蜿蜒与感性特色。其造型灵感回溯了上世纪70年代的有机设计，可将任意空间转化为一幅温暖而温馨的风景画，并向其中注入令人愉悦的居家舒适感。柔和而包络的线条在系列的所有元素中反复出现，囊括各类用于创建线性、角形或不寻常形态组合的模块，始终以温馨外观体现了造型与深度的变换特色。从纱线织物制成的高档时装材料到现代优雅皮革，装潢饰面强调了Saint-Germain系列丰满而性感的体量，呈现出一种贯穿的美感。","Saint-Germain沙发系列的造型兼具蜿蜒与感性特色。其造型灵感回溯了上世纪70年代的有机设计，可将任意空间转化为一幅温暖而温馨的风景画，并向其中注入令人愉悦的居家舒适感。柔和而包络的线条在系列的所有元素中反复出现，囊括各类用于创建线性、角形或不寻常形态组合的模块，始终以温馨外观体现了造型与深度的变换特色。从纱线织物制成的高档时装材料到现代优雅皮革，装潢饰面强调了Saint-Germain系列丰满而性感的体量，呈现出一种贯穿的美感。"
58602,"GENTLEMAN RESERVED系列","在Gentleman系列中，Gentleman Reserved扶手椅最为特别。这归功于让人回想起雪茄俱乐部世界的纽扣靠背。为了让这一款型更为独特，可以将两种不同的饰面结合起来，用于制作内外部包覆层。Gentleman Reserved可搭配墩凳，这种优雅而实用的附件可以提高舒适度。","在Gentleman系列中，Gentleman Reserved扶手椅最为特别。这归功于让人回想起雪茄俱乐部世界的纽扣靠背。为了让这一款型更为独特，可以将两种不同的饰面结合起来，用于制作内外部包覆层。Gentleman Reserved可搭配墩凳，这种优雅而实用的附件可以提高舒适度。"
58770,"ILDA系列","Ilda小茶几是一块真正的“瑰宝”，其支撑结构融合了黄铜、抛光金或古铜色饰面，经艺术铸造厂锻造并以纯手工方式制成。桌面由大理石、琥珀缟玛瑙或青金石制成。这是一个珍贵的设计项目，具有巨大的视觉冲击力，可放置在起居区，也可以通过重新诠释成为睡眠空间的床头柜。","Ilda小茶几是一块真正的“瑰宝”，其支撑结构融合了黄铜、抛光金或古铜色饰面，经艺术铸造厂锻造并以纯手工方式制成。桌面由大理石、琥珀缟玛瑙或青金石制成。这是一个珍贵的设计项目，具有巨大的视觉冲击力，可放置在起居区，也可以通过重新诠释成为睡眠空间的床头柜。"
58743,"DAMA系列","Dama是一款呈现基本美学的小茶几，非常具有辨识度：雪松或卡纳莱托胡桃木款型散发着热度和温馨感，亮光或哑光漆面款型则更具整体感和现代感。作为受极简感启发的标志产品，这款茶几通用性极好，适合作为房屋内任意空间的实用支撑台面。","Dama是一款呈现基本美学的小茶几，非常具有辨识度：雪松或卡纳莱托胡桃木款型散发着热度和温馨感，亮光或哑光漆面款型则更具整体感和现代感。作为受极简感启发的标志产品，这款茶几通用性极好，适合作为房屋内任意空间的实用支撑台面。"
58782,"KOISHI系列","Koishi小茶几的灵感源自柔和线条与有机造型。“Koishi”一词在日语中意为“鹅卵石”，暗示了系列的自然特性，精选的大理石、石头及木材等天然材料也昭示了这一特色。金属主体结构状如雕塑、不可或缺；木材、玻璃和大理石则用于制作隔板。","Koishi小茶几的灵感源自柔和线条与有机造型。“Koishi”一词在日语中意为“鹅卵石”，暗示了系列的自然特性，精选的大理石、石头及木材等天然材料也昭示了这一特色。金属主体结构状如雕塑、不可或缺；木材、玻璃和大理石则用于制作隔板。"
58740,"BABA系列","Baba是一张为客厅增添风格和优雅感的陈设，它将底座隐藏在沙发下，令用户可以更舒适地享受台面功能。除了百搭和休闲之外，其特色还在于涂漆或哑光漆金属结构，和大理石、玻璃以及哑光或光面漆系列中所有颜色的台面。","Baba是一张为客厅增添风格和优雅感的陈设，它将底座隐藏在沙发下，令用户可以更舒适地享受台面功能。除了百搭和休闲之外，其特色还在于涂漆或哑光漆金属结构，和大理石、玻璃以及哑光或光面漆系列中所有颜色的台面。"
58764,"MONDRIAN系列","Mondrian系列具有优雅轻盈的形象，薄顶支撑面由木材或大理石制成，带有亮光或哑光漆面。这些搭配金属底座的小茶几有两种高度和不同形状可选，便于多种元素的组合，适于安放在起居空间，也可以与Mondrian沙发系列完美结合。","Mondrian系列具有优雅轻盈的形象，薄顶支撑面由木材或大理石制成，带有亮光或哑光漆面。这些搭配金属底座的小茶几有两种高度和不同形状可选，便于多种元素的组合，适于安放在起居空间，也可以与Mondrian沙发系列完美结合。"
58737,"PARIS SEOUL系列","Paris Seoul大系列亦包含小茶几。由于搭配了金属结构和外部皮革包覆层，因此可与沙发和扶手椅组合使用，让您所需要的物品触手可及。","Paris Seoul大系列亦包含小茶几。由于搭配了金属结构和外部皮革包覆层，因此可与沙发和扶手椅组合使用，让您所需要的物品触手可及。"
58833,"SANTA MONICA LOUNGE系列","Santa Monica系列的优雅感亦体现在搭配高靠背和联名墩凳的Lounge版扶手椅中。织物或皮革包覆层带有丰富的裁缝细节，例如带盘扣的褶裥下摆、绳状针脚和罗缎包边。","Santa Monica系列的优雅感亦体现在搭配高靠背和联名墩凳的Lounge版扶手椅中。织物或皮革包覆层带有丰富的裁缝细节，例如带盘扣的褶裥下摆、绳状针脚和罗缎包边。"
58539,"ARTEX系列","Artex是一个专为独特空间打造的终极厨房解决方案。宽大的表面和精致的体量发挥了材料的主力作用，光面或板条门的手工质感更显贵气优雅。开口、侧面和顶部的独特锥形在元素之间创造了完美的接合设计，兼具开口便利性和无可挑剔的美感。极具现代精神的Artex是Poliform的标志性款式之一，其饰面始终在不断更新与强化。在这款厨房系列中，光面门款式搭配的饰面最为丰富，包括实心Canaletto胡桃木、实心沼泽橡木、杜邦可丽耐®冰川白人造石、苏格兰亮钢和玻璃在内的多种精致饰面。","Artex是一个专为独特空间打造的终极厨房解决方案。宽大的表面和精致的体量发挥了材料的主力作用，光面或板条门的手工质感更显贵气优雅。开口、侧面和顶部的独特锥形在元素之间创造了完美的接合设计，兼具开口便利性和无可挑剔的美感。极具现代精神的Artex是Poliform的标志性款式之一，其饰面始终在不断更新与强化。在这款厨房系列中，光面门款式搭配的饰面最为丰富，包括实心Canaletto胡桃木、实心沼泽橡木、杜邦可丽耐®冰川白人造石、苏格兰亮钢和玻璃在内的多种精致饰面。"
58767,"WESTSIDE系列","材料和造型之间的精致平衡令Westside系列小茶几与众不同，完善了同名沙发系列。小茶几搭配了不同饰面，共分三款：带抽屉或开放式隔层款、带金属交叉底座款以及放在沙发旁的款式。","材料和造型之间的精致平衡令Westside系列小茶几与众不同，完善了同名沙发系列。小茶几搭配了不同饰面，共分三款：带抽屉或开放式隔层款、带金属交叉底座款以及放在沙发旁的款式。"
58818,"GASTON系列","Gaston扶手椅的线条流畅且不可或缺，它阐释了一种独特风格并在细节中了见证这种风格，例如金属结构的最小厚度、接缝以及纤薄舒适的扶手包覆层。包含皮革或织物包覆层两个款式，让Gaston可以优雅地装饰起居和睡眠空间。","Gaston扶手椅的线条流畅且不可或缺，它阐释了一种独特风格并在细节中了见证这种风格，例如金属结构的最小厚度、接缝以及纤薄舒适的扶手包覆层。包含皮革或织物包覆层两个款式，让Gaston可以优雅地装饰起居和睡眠空间。"
58854,"MAD CHAIR系列","Mad系列从Mad Chair演变而来，后者是一款扶手椅，线条和谐而包络，放置在睡眠空间内也非常完美。可以从目录的织物和皮革中为扶手椅选择包覆层，也可以组合两种不同的饰面用于外套和内部坐垫，后者亦可应用填料充塞。Mad Chair可搭配木腿或旋转金属底座。","Mad系列从Mad Chair演变而来，后者是一款扶手椅，线条和谐而包络，放置在睡眠空间内也非常完美。可以从目录的织物和皮革中为扶手椅选择包覆层，也可以组合两种不同的饰面用于外套和内部坐垫，后者亦可应用填料充塞。Mad Chair可搭配木腿或旋转金属底座。"
58800,"MONDRIAN系列","Mondrian沙发系列专为现代起居空间而设计，为空间增添了温馨感，便于在不同时间与场合中用于交谈或休息。系列特色包括基础设计以及具有极高建筑价值的现代图像。Mondrian具有极高的组合自由度，用户可以根据喜好和需求组合不同的模块。特色金属支脚支撑着极简的结构，旨在容纳多种元素，例如靠垫、扶手以及搭配木架、桌子和抽屉的靠背。Mondarian系列追求舒适，有两种座椅深度可选，让用户最大程度放松身心。Mondarian系列可搭配同名小茶几和沙发后置操作台。","Mondrian沙发系列专为现代起居空间而设计，为空间增添了温馨感，便于在不同时间与场合中用于交谈或休息。系列特色包括基础设计以及具有极高建筑价值的现代图像。Mondrian具有极高的组合自由度，用户可以根据喜好和需求组合不同的模块。特色金属支脚支撑着极简的结构，旨在容纳多种元素，例如靠垫、扶手以及搭配木架、桌子和抽屉的靠背。Mondarian系列追求舒适，有两种座椅深度可选，让用户最大程度放松身心。Mondarian系列可搭配同名小茶几和沙发后置操作台。"
58776,"CREEK系列","Creek是一套包含多种尺寸的小茶几产品。小茶几由两个安置在金属结构上的重叠托盘组成。可以根据需要组合各种颜色和饰面的托盘，上托盘可以选用涂漆板、木板、大理石和玻璃，下托盘可以选用光面、哑光涂漆板或木板。","Creek是一套包含多种尺寸的小茶几产品。小茶几由两个安置在金属结构上的重叠托盘组成。可以根据需要组合各种颜色和饰面的托盘，上托盘可以选用涂漆板、木板、大理石和玻璃，下托盘可以选用光面、哑光涂漆板或木板。"
58761,"HOME HOTEL系列","百搭是Home Hotel小茶几系列的共同点。方形和矩形这两款经由木台面结合，因条带的特殊变幻而呈现出律动感。Home Hotel小茶几、沙发后置物架与长凳一道，构建了一套真正的系列产品，非常适合家庭和酒店空间。","百搭是Home Hotel小茶几系列的共同点。方形和矩形这两款经由木台面结合，因条带的特殊变幻而呈现出律动感。Home Hotel小茶几、沙发后置物架与长凳一道，构建了一套真正的系列产品，非常适合家庭和酒店空间。"
58527,"TRAIL系列","Poliform的Trail款型以现代方式重新诠释了框架门。整装在门上的全尺寸把手是其特色元素。无论是安装在基础款或加高款中，亦或是搭配玻璃单元，这种结构都构成了一种拥有巨大视觉冲击力的美学细节。","Poliform的Trail模型以现代方式重新诠释了框架门。整装在门上的全尺寸把手是其特色元素。无论是安装在基础款或加高款中，亦或是搭配玻璃单元，这种结构都构成了一种拥有巨大视觉冲击力的美学细节。"
58812,"WALLACE系列","这是一个高度创新的设计方案。Wallace是一款令人印象深刻的扶手椅，其金属底座具有不规则的几何形状，支撑着皮革覆盖的聚氨酯包络结构。座椅呈现出强大的视觉冲击感和舒适感，其不寻常的形状十分吸引眼球，让坐于其上的人感到独特的舒适感。","这是一个高度创新的设计方案。Wallace是一款令人印象深刻的扶手椅，其金属底座具有不规则的几何形状，支撑着皮革覆盖的聚氨酯包络结构。座椅呈现出强大的视觉冲击感和舒适感，其不寻常的形状十分吸引眼球，让坐于其上的人感到独特的舒适感。"
58848,"MAD JOKER系列","在Mad大系列中，优雅的Mad Joker因其高靠背而与众不同，是一把完美的阅读椅。作为经典或现代风格客厅的陈设品，Mad Joker的特色在于蜿蜒的线条和优质的装潢感，亦可为外套和内部坐垫选择两种不同的饰面以定制。Mad Joker可搭配木腿或旋转底座，也可与墩凳组合使用。","在Mad大系列中，优雅的Mad Joker因其高靠背而与众不同，是一把完美的阅读椅。作为经典或现代风格客厅的陈设品，Mad Joker的特色在于蜿蜒的线条和优质的装潢感，亦可为外套和内部坐垫选择两种不同的饰面以定制。Mad Joker可搭配木腿或旋转底座，也可与墩凳组合使用。"
58806,"WESTSIDE系列","Westside是一款现代多功能沙发系列，赋予起居空间焕新优雅体验。从双面岛到经典的转角沙发，并排放置软垫模块创造了多样化配置。而符合人体工学的躺椅、可移动靠背和小茶几等元素则丰富了沙发功能。可以自由设计并亲身体验的欢宴空间原型。","Westside是一款现代多功能沙发系列，赋予起居空间焕新优雅体验。从双面岛到经典的转角沙发，并排放置软垫模块创造了多样化配置。而符合人体工学的躺椅、可移动靠背和小茶几等元素则丰富了沙发功能。可以自由设计并亲身体验的欢宴空间原型。"
58755,"BRISTOL系列","为了完善由沙发、书柜和餐具柜组成的Bristol系列，房间中央摆放了小茶几，特色在于两个重叠的台面。金属支脚与上层相交，成为整个系列的风格标志。下层为漆面或木制，上层也可搭配大理石材料。","为了完善由沙发、书柜和餐具柜组成的Bristol系列，房间中央摆放了小茶几，特色在于两个重叠的台面。金属支脚与上层相交，成为整个系列的风格标志。下层为漆面或木制，上层也可搭配大理石材料。"
58845,"MAD QUEEN系列","Mad Queen扶手椅柔软而令人安心，以更舒适的体积重新诠释了宽幅Mad系列的概念。其特色在于蜿蜒的线条和优质的织物/皮革装饰，亦可为外套和内部坐垫选择两种不同的饰面以完成定制，后者亦包含优雅的Gibson填料充塞款。更特别的是带有皮革支脚的款式，对于一款无可挑剔的系列而言，这种款式是所有造型中一种珍贵而精致的变体。","Mad Queen扶手椅柔软而令人安心，以更舒适的体积重新诠释了宽幅Mad系列的概念。其特色在于蜿蜒的线条和优质的织物/皮革装饰，亦可为外套和内部坐垫选择两种不同的饰面以完成定制，后者亦包含优雅的Gibson填料充塞款。更特别的是带有皮革支脚的款式，对于一款无可挑剔的系列而言，这种款式是所有造型中一种珍贵而精致的变体。"
58803,"BELLPORT系列","Bellport沙发系列以经典线条、优雅支脚和前所未有的座椅深度为特色。使用不同的衬垫打造线性或L形组合，真正实现量身定制的舒适度。扶手有高低两种版本，拥有宽大座垫。Bellport系列亦包括固定式沙发、沙发床、躺椅、墩凳等多种室内中央陈设，并始终以选装型材且带纹理涂层的金属支脚为特色。","Bellport沙发系列以经典线条、优雅支脚和前所未有的座椅深度为特色。使用不同的衬垫打造线性或L形组合，真正实现量身定制的舒适度。扶手有高低两种版本，拥有宽大座垫。Bellport系列亦包括固定式沙发、沙发床、躺椅、墩凳等多种室内中央陈设，并始终以选装型材且带纹理涂层的金属支脚为特色。"
58758,"TRIBECA系列","Tribeca是一套沙发和小茶几系列产品，特色在于金属底座和严谨的几何形状。小茶几由不同大小和形态的木材或大理石制成。整体充满个性并兼具优雅感，非常适合摆放在典雅的空间中。","Tribeca是一套沙发和小茶几系列产品，特色在于金属底座和严谨的几何形状。小茶几由不同大小和形态的木材或大理石制成。整体充满个性并兼具优雅感，非常适合摆放在典雅的空间中。"
58518,"ALEA PRO系列","Alea系列历史悠久、风格稳固，经重新设计后，得到了以显著表现力为特色的Alea Pro系列。重新定义的细节再次诠释了原始系列的线性设计，尤其在开口凹槽处突出了垂直和水平线条的轮廓。带有锥形上边缘的门，以及与外形相匹配的铸造把手属于全新设计，间隔侧的细节也是如此，令底座单元的外观更加轻盈。用于底座、墙面与加高单元的玻璃柜门呈现出透明效果，使结构有了韵律感。由此，厨房系列不仅可以结合极高操纵力与现代外观，还可以使用广泛材料和饰面进行定制。","Alea系列历史悠久、风格稳固，经重新设计后，得到了以显著表现力为特色的Alea Pro系列。重新定义的细节再次诠释了原始系列的线性设计，尤其在开口凹槽处突出了垂直和水平线条的轮廓。带有锥形上边缘的门，以及与外形相匹配的铸造把手属于全新设计，间隔侧的细节也是如此，令底座单元的外观更加轻盈。用于底座、墙面与加高单元的玻璃柜门呈现出透明效果，使结构有了韵律感。由此，厨房系列不仅可以结合极高操纵力与现代外观，还可以使用广泛材料和饰面进行定制。"
58842,"MAD KING系列","Mad King是一套深座高靠背扶手椅，亦包含带有选装托盘的不对称款式。内饰的选择无穷无尽，也可以通过为外套和内部坐垫选择织物和皮革两种不同的饰面来实现组合。Mad King扶手椅优雅而包络，可单独或成对使用，适用于家庭和定制家具空间。","Mad King是一套深座高靠背扶手椅，亦包含带有选装托盘的不对称款式。内饰的选择无穷无尽，也可以通过为外套和内部坐垫选择织物和皮革两种不同的饰面来实现组合。Mad King扶手椅优雅而包络，可单独或成对使用，适用于家庭和定制家具空间。"
58860,"STANFORD LOUNGE","Stanford Lounge扶手椅将旋转金属底座与高靠背坐垫相结合，同名系列的圆润线条使之显得更加温馨。搭配皮革包覆层的款式非常特别，特色体现在外部的硬皮和内侧同色异调的软皮中。","Stanford Lounge扶手椅将旋转金属底座与高靠背坐垫相结合，同名系列的圆润线条使之显得更加温馨。搭配…"
58788,"DUNE系列","Dune是一款衬垫系列，外观柔软而饱满。系列产品用途十分广泛，可以打造出近乎无限种组合，其中包括线性沙发、转角沙发和贵妃椅。Dune衬垫共有大号和特大号两种厚度可选，完美融合了简单形式和自由组合。","Dune是一款衬垫系列，外观柔软而饱满。系列产品用途十分广泛，可以打造出近乎无限种组合，其中包括线性沙发、转角沙发和贵妃椅。Dune衬垫共有大号和特大号两种厚度可选，完美融合了简单形式和自由组合。"
58839,"MAD CHAISE LONGUE系列","Mad Chaise Longue是一款精致优雅的不对称扶手椅，在舒适度和尺寸方面从Mad系列中脱颖而出。精准严谨的加工体现在细节之处，如包覆皮革的支脚与外套的协调感。与此系列的其他扶手椅一样，用户亦可为Mad Chaise Longue的内外部选择不同的包覆层。","Mad Chaise Longue是一款精致优雅的不对称扶手椅，在舒适度和尺寸方面从Mad系列中脱颖而出。精准严谨的加工体现在细节之处，如包覆皮革的支脚与外套的协调感。与此系列的其他扶手椅一样，用户亦可为Mad Chaise Longue的内外部选择不同的包覆层。"
58797,"SYDNEY系列","混搭风、潮流混合、斜线和直角线之间的完美平衡、鲜明的棱角和圆润感：Sydney的这些设计将一系列几何体转化为舒适柔软的单体沙发。Sydney因其纤细支脚和构成座椅的L形元素而闻名，搭配了不同尺寸的可拆卸坐垫和可选扶手。","混搭风、潮流混合、斜线和直角线之间的完美平衡、鲜明的棱角和圆润感：Sydney的这些设计将一系列几何体转化为舒适柔软的单体沙发。Sydney因其纤细支脚和构成座椅的L形元素而闻名，搭配了不同尺寸的可拆卸坐垫和可选扶手。"
58878,"SARA系列","Sara镜系列的纯粹质感通过无比洁净的反射镜面得到了诠释。镜子可以悬挂或放置在地板上，自身带有防滑橡胶垫，周围环绕纤薄框架，根据选定的金属、漆面或皮革饰面材质呈现不同风格。","Sara镜系列的纯粹质感通过无比洁净的反射镜面得到了诠释。镜子可以悬挂或放置在地板上，自身带有防滑橡胶垫，周围环绕纤薄框架，根据选定的金属、漆面或皮革饰面材质呈现不同风格。"
58863,"STANFORD系列","合成和轻盈是Standford扶手椅系列自然优雅的基础。旋转金属底座支撑着现代线条的座椅，织物或皮革包覆层更锦上添花，外侧为同色异调的硬皮，内侧为软皮。","融合和轻盈是Standford扶手椅系列自然优雅的基础。旋转金属底座上“升起”严谨的线条，在Standford Lounge高靠背扶手椅中显得十分平滑。尤其要提到的是内饰：皮革坐垫搭配了皮革外套和同色系皮革内饰。"
58785,"SHANGAI系列","Shangai是一款造型严谨的沙发系列，有两种衬垫可选：第一种风格经典，第二种则由更柔软休闲的羽绒填料制成。铝制底座看起来像一条细线，是一种极具现代感的个性细节。","Shangai是一款造型严谨的沙发系列，有两种衬垫可选：第一种风格经典，第二种则由更柔软休闲的羽绒填料制成。铝制底座看起来像一条细线，是一种极具现代感的个性细节。"
58536,"ALEA系列","低厚度、凹槽开口和极大的饰面选装自由度：这些特色让Alea门系列产品在组合和定制方面具有独一无二的优势。线性设计由平面和几何体积组成，结合极佳操纵感与极简美感，重新定义了厨房环境。","低厚度、凹槽开口和极大的饰面选装自由度：这些特色让Alea门系列产品在组合和定制方面具有独一无二的优势。线性设计由平面和几何体积组成，结合极佳操纵感与极简美感，重新定义了厨房环境。"
58923,"GENTLEMAN系列","床是Gentleman睡眠空间陈设系列的“主角”，融合了起居空间系列的意境和美感。床头宽大且含包覆层，线条柔和且细节质量高，让人回想起夹克高领的罗缎包边。床身安置在纤细优雅、带有棕镍色或香槟色饰面的支脚上。","床是Gentleman睡眠空间陈设系列的“主角”，融合了起居空间系列的意境和美感。床头宽大且含包覆层，线条柔和且细节质量高，让人回想起夹克高领的罗缎包边。床身安置在纤细优雅、带有棕镍色或香槟色饰面的支脚上。"
58900,"CIRCLE系列","Circle是一面墙镜，圆形的几何完美度与皮革框架的优雅感相得益彰，在任意空间均可呈现出简约风格。","Circle是一面墙镜，圆形的几何完美度与皮革框架的优雅感相得益彰，在任意空间均可呈现出简约风格。"
58791,"PARIS SEOUL系列","Paris-Seoul沙发系列的比例非常宽大。衬垫原型呈现超大胆美学，让人想起每种元素的最初形态。系列产品为起居室的经典氛围增添了优雅而完整的设计感，根据喜好调节座椅深度的机制则创造出了高级舒适度。","Paris-Seoul沙发系列的比例非常宽大。衬垫原型呈现超大胆美学，让人想起每种元素的最初形态。系列产品为起居室的经典氛围增添了优雅而完整的设计感，根据喜好调节座椅深度的机制则创造出了高级舒适度。"
58724,"HENRY系列","Henry是一款尺寸宽大的现代餐桌，分为矩形或方形款，两款均带有圆角。其外观灵感源自Henry系列小茶几，提取了简约线条和低厚度特点，打造出协调一致的环境氛围。实木结构以精致的橱柜制作工艺为特色，可搭配玻璃、大理石或木质台面。在斯佩萨特橡木、金胡桃木和黑榆木款式中，可扩展隔板最大程度发挥了功能属性。","Henry是一款尺寸宽大的现代餐桌，分为矩形或方形款，两款均带有圆角。其外观灵感源自Henry系列小茶几，提取了简约线条和低厚度特点，打造出协调一致的环境氛围。实木结构以精致的橱柜制作工艺为特色，可搭配玻璃、大理石或木质台面。在斯佩萨特橡木、金胡桃木和黑榆木款式中，可扩展隔板最大程度发挥了功能属性。"
58779,"ORBIT系列","Orbit是一款兼顾优雅与质感的“瑰宝”，结合了古老的专业诀窍和先进的生产技术。柔软蜿蜒的线条设计，重新诠释了小茶几所用的玻璃技术材料。用一种特殊的紫外线技术将圆顶焊接到吹制玻璃的锥形底座上，不会留下任何可见接缝。Orbit有两种高度可选，视觉上轻盈而极简，呈现雕塑般的外观。这一特色令Orbit能够融入从最经典到最现代的任何环境。","Orbit是一款兼顾优雅与质感的“瑰宝”，结合了古老的专业诀窍和先进的生产技术。柔软蜿蜒的线条设计，重新诠释了小茶几所用的玻璃技术材料。用一种特殊的紫外线技术将圆顶焊接到吹制玻璃的锥形底座上，不会留下任何可见接缝。Orbit有两种高度可选，视觉上轻盈而极简，呈现雕塑般的外观。这一特色令Orbit能够融入从最经典到最现代的任何环境。"
58749,"NARA系列","NARA系列包含小茶几或凳子、墩凳或床头柜，是一款贯穿式陈设，因其简约特质而与众不同。此系列共包含两种尺寸，均由实木制成。结构的工艺灵感源自橱柜制作艺术，这一细节远不止是审美选择，还阐释了Poliform的专心、专注和专业制造诀窍。NARA可作为沙发或扶手椅旁边的理想陈设，也可以作为一款精致独特的卧室床头柜。","NARA系列包含小茶几或凳子、墩凳或床头柜，是一款贯穿式陈设，因其简约特质而与众不同。此系列共包含两种尺寸，均由实木制成。结构的工艺灵感源自橱柜制作艺术，这一细节远不止是审美选择，还阐释了Poliform的专心、专注和专业制造诀窍。NARA可作为沙发或扶手椅旁边的理想陈设，也可以作为一款精致独特的卧室床头柜。"
58530,"MY PLANET系列","凭借My Planet系列，Poliform以实用性和轻盈感重新诠释了现代厨房。得益于集成或外装的把手等组件以及更轻的门，用户在选择饰面时拥有了更高的自由度。细节决定了My Planet系列的独家特质，即使在小空间中也能打造出原创而独特的组合效果。","凭借My Planet系列，Poliform以实用性和轻盈感重新诠释了现代厨房。得益于集成或外装的把手等组件以及更轻的门，用户在选择饰面时拥有了更高的自由度。细节决定了My Planet系列的独家特质，即使在小空间中也能打造出原创而独特的组合效果。"
58605,"GENTLEMAN RELAX系列","顾名思义，Gentleman Relax扶手椅专为家庭和集体环境中的片刻休息而设计。其柔和线条和独特支脚让人回想起Gentleman Single款型，同时以更大的座椅深度对其进行了重新诠释。扶手椅可以搭配皮革或织物包覆层，也可以搭配罗缎边，与配套墩凳结合使用。","顾名思义，Gentleman Relax扶手椅专为家庭和集体环境中的片刻休息而设计。其柔和线条和独特支脚让人回想起Gentleman Single款型，同时以更大的座椅深度对其进行了重新诠释。扶手椅可以搭配皮革或织物包覆层，也可以搭配罗缎边，与配套墩凳结合使用。"
58558,"联名床","",""
58593,"GENTLEMAN&#8217;S FRIENDS系列","Gentleman's Friends完善了Gentleman系列，这是一款现代风格沙发，分为两座和三座款型。与扶手椅一样，此系列的特色体现于金属底座和纤细支脚，可根据织物或皮革包覆层定制不同的饰面。","Gentleman's Friends完善了Gentleman系列，这是一款现代风格沙发，分为两座和三座款型。与扶手椅一样，此系列的特色体现于金属底座和纤细支脚，可根据织物或皮革包覆层定制不同的饰面。"
58657,"MATHIEU系列","Mathieu是一款现代风格的办公桌，轮廓纤细且造型精致。搭配木框架和皮革嵌件的搁板，勾勒出精致的曲线，柔化了涂漆金属结构的强线条。可选装的配件优雅而适中：小号的底抽屉和镜子，令办公桌也可以完美搭配睡眠空间。","Mathieu是一款现代风格的办公桌，轮廓纤细且造型精致。搭配木框架和皮革嵌件的搁板，勾勒出精致的曲线，柔化了涂漆金属结构的强线条。可选装的配件优雅而适中：小号的底抽屉和镜子，令办公桌也可以完美搭配睡眠空间。"
58746,"FLUTE系列","与Flute系列的桌子一样，同系列小茶几也让人联想到微妙而干净的造型。得益于简洁感以及多种颜色和饰面的无限搭配，这款现代小茶几在任何环境中都非常优雅，亦可放置在沙发旁边或作为睡眠区的床头柜。","与Flute系列的桌子一样，同系列小茶几也让人联想到微妙而干净的造型。得益于简洁感以及多种颜色和饰面的无限搭配，这款现代小茶几在任何环境中都非常优雅，亦可放置在沙发旁边或作为睡眠区的床头柜。"
58533,"TWELVE系列","The Twelve model is the culmination of a relentless search for simplicity. A kitchen featuring rigorous aesthetic styling that balances minimal thickness and maximum surface area, with the thinnest door in the range. The wide variety of finishes and materials available – from glass to steel – opens up every possible stylistic interpretation.","Twelve系列源自对简约感的极致追求。采用严谨美学风格的厨房系列，可平衡最小厚度和最大表面积，用于搭配系列中最薄的门。从玻璃到钢，饰面与材料一应俱全，使诠释每一种风格成为可能。"
58506,"JANE","Jane系列扶手椅和小扶手椅的灵感源自优雅、舒适和亲密理念。此系列由Jane扶手椅发展而来，以柔和的曲线与平衡的比例为特色。小尺寸和恒久风格是系列产品的原型，通过不同材料组合进行了诠释。底座由木材或金属制成，搭配织物或皮革，使扶手椅呈现如高级时装一般的外表。 ","La collezione di poltrone e poltroncine Jane si ispira a un’idea di eleganza, comfort e intimità. La serie, che si caratterizza per le curve morbide e le proporzioni equilibrate, si sviluppa a partire dalla poltroncina Jane. Dimensioni contenute e stile senza tempo ne fanno l’archetipo della collezione, da interpretare scegliendo differenti combinazioni materiche. Il basamento è in essenza o metallo e si abbina a tessuti o pelli che vestono la poltroncina come abiti haute couture."
58585,"UBIK系列","Ubik是一款基于护壁板和置物架组合的优雅衣帽间系列。Ubik系列先进而轻便，兼具灵活与功能性，包含搁板、正面为木质或玻璃材质的抽屉、拉出式鞋架、高度和次序可调的裤架及衬衫架等置物柜和附件。Ubik衣帽间由一系列不同饰面的墙板组成，也可以加入或替换为置物架，并辅以搁板和其他装置。墙板饰面是衣帽间的美感之源，采用尊贵木料的护壁板款型经典，玻璃材质的款型极为考究，而运用织物和技术织物覆盖的款型则效果独特。置物架的金属饰面共有优雅板岩灰和明亮香槟色两种款式。","Ubik是一款基于护壁板和置物架组合的优雅衣帽间系列。Ubik系列先进而轻便，兼具灵活与功能性，包含搁板、正面为木质或玻璃材质的抽屉、拉出式鞋架、高度和次序可调的裤架及衬衫架等置物柜和附件。Ubik衣帽间由一系列不同饰面的墙板组成，也可以加入或替换为置物架，并辅以搁板和其他装置。墙板饰面是衣帽间的美感之源，采用尊贵木料的护壁板款型经典，玻璃材质的款型极为考究，而运用织物和技术织物覆盖的款型则效果独特。置物架的金属饰面共有优雅板岩灰和明亮香槟色两种款式。"
58857,"GENTLEMAN SINGLE系列","Gentleman系列包含扶手椅、墩凳和沙发，可单独或组合使用，为家庭和集体空间打造一片放松的空间。此系列从Gentleman Single发展而来，是一款紧凑型扶手椅，以小尺寸呈现出最佳的舒适度。柔和的曲线和纤细的支脚彰显优雅气质，灵感则源自昔日绅士。包覆层由皮革或织物制成，亦可搭配罗缎边。","Gentleman系列包含扶手椅、墩凳和沙发，可单独或组合使用，为家庭和集体空间打造一片放松的空间。此系列从Gentleman Single发展而来，是一款紧凑型扶手椅，以小尺寸呈现出最佳的舒适度。柔和的曲线和纤细的支脚彰显优雅气质，灵感则源自昔日绅士。包覆层由皮革或织物制成，亦可搭配罗缎边。"
58708,"STANFORD BRIDGE系列","薄而包覆的外壳如同支撑物一般，安装在带有旋转底座的纤细结构当中。Standford Bridge是Standford扶手椅的自然演变，作为一款可搭配或不搭配扶手的现代椅，其优雅感适度且充满现代气息。采用织物或皮革包覆层，专为家庭空间而设计，也可作为工作环境的理想陈设。","薄而包覆的外壳如同支撑物一般，安装在带有旋转底座的纤细结构当中。Standford Bridge是Standford扶手椅的自然演变，作为一款可搭配或不搭配扶手的现代椅，其优雅感适度且充满现代气息。采用织物或皮革包覆层，专为家庭空间而设计，也可作为工作环境的理想陈设。"
58866,"JANE系列","Jane系列扶手椅和小扶手椅的灵感源自优雅、舒适和亲密理念。此系列由Jane扶手椅发展而来，以柔和的曲线与平衡的比例为特色。小尺寸和恒久风格是系列产品的原型，通过不同材料组合进行了诠释。底座由木材或金属制成，搭配织物或皮革，使扶手椅呈现如高级时装一般的外表。","Jane系列扶手椅和小扶手椅的灵感源自优雅、舒适和亲密理念。此系列由Jane扶手椅发展而来，以柔和的曲线与平衡的比例为特色。小尺寸和恒久风格是系列产品的原型，通过不同材料组合进行了诠释。底座由木材或金属制成，搭配织物或皮革，使扶手椅呈现如高级时装一般的外表。"
58660,"FREE系列","此系列拥有Piet Mondrian一体式的程式化和几何形态解构，可进行自由诠释，饰面则有哑光和亮光漆色等众多选择。在加高或收低款型中，Free橱柜可以配备诸多选装件，例如餐具架和瓶架。","此系列拥有Piet Mondrian一体式的程式化和几何形态解构，可进行自由诠释，饰面则有哑光和亮光漆色等众多选择。在加高或收低款型中，Free橱柜可以配备诸多选装件，例如餐具架和瓶架。"
58869,"JANE LARGE系列","大体积Jane Large产品在比例和谐方面与Jane扶手椅完全相同。在以时尚和柔软触感皮革为灵感的纹理中，罗缎边缘的款式和外壳内外不同衬里的款式脱颖而出。","大体积Jane Large产品在比例和谐方面与Jane扶手椅完全相同。在以时尚和柔软触感皮革为灵感的纹理中，罗缎边缘的款式和外壳内外不同衬里的款式脱颖而出。"
58651,"HOME HOTEL系列","Home Hotel系列以优雅和百搭为标志特色，通过关键的生活方式要素重新诠释了当代生活空间。在系列的两种款式中，Home Hotel始终作为坚固而轻便的写字桌，亦或作为操作台。这款现代风格办公桌由黑榆木制成，可搭配或不搭配抽屉和皮革桌面。","Home Hotel系列以优雅和百搭为标志特色，通过关键的生活方式要素重新诠释了当代生活空间。在系列的两种款式中，Home Hotel始终作为坚固而轻便的写字桌，亦或作为操作台。这款现代风格办公桌由黑榆木制成，可搭配或不搭配抽屉和皮革桌面。"
58626,"HOME HOTEL系列","Home Hotel系列以优雅和百搭为标志特色，通过关键的生活方式要素重新诠释了当代生活空间。在系列的两种款式中，Home Hotel始终作为坚固而轻便的写字桌，亦或作为操作台。这款现代风格办公桌由黑榆木制成，可搭配或不搭配抽屉和皮革桌面。","Home Hotel系列以优雅和百搭为标志特色，通过关键的生活方式要素重新诠释了当代生活空间。在系列的两种款式中，Home Hotel始终作为坚固而轻便的写字桌，亦或作为操作台。这款现代风格办公桌由黑榆木制成，可搭配或不搭配抽屉和皮革桌面。"
58576,"SENZAFINE ARMADIO","Senzafine è più di un armadio, è un sistema che si arricchisce continuamente di nuove soluzioni estetiche e funzionali. La struttura modulare è pensata per dare vita a soluzioni personalizzate, ideali per qualsiasi architettura. Fianchi a telaio, anche in vetro, schienali, coperchi, basamenti e ripiani costituiscono la struttura, cui si aggiungono diverse tipologie di anta per i sistemi di apertura battente, scorrevole, complanare o con cassetti esterni. Libertà senza limiti per le finiture, dai nobilitati alle finiture più preziose come il vetro che applicato a fianchi, schienali e ante crea esclusivi armadi teca. Cassettiere, attrezzature e accessori completano una proposta evoluta, in grado di adattarsi a ogni spazio.","Senzafine è più di un armadio, è un sistema che si arricchisce continuamente di nuove soluzioni estetiche e funzionali. La struttura modulare è pensata per dare vita a soluzioni personalizzate, ideali per qualsiasi architettura. Fianchi a telaio, anche in vetro, schienali, coperchi, basamenti e ripiani costituiscono la struttura, cui si aggiungono diverse tipologie di anta per i sistemi di apertura battente, scorrevole, complanare o con cassetti esterni. Libertà senza limiti per le finiture, dai nobilitati alle finiture più preziose come il vetro che applicato a fianchi, schienali e ante crea esclusivi armadi teca. Cassettiere, attrezzature e accessori completano una proposta evoluta, in grado di adattarsi a ogni spazio."
58561,"HENRY系列","Henry是一套兼收并蓄的陈设，包括墩凳、凳子和小茶几。其设计让人回想起Grace和Sophie椅子的线条，搭配了实木细长结构和柔软的圆形或矩形圆角座椅，表面则覆盖了织物或皮革包覆层。","Henry是一套兼收并蓄的陈设，包括墩凳、凳子和小茶几。其设计让人回想起Grace和Sophie椅子的线条，搭配了实木细长结构和柔软的圆形或矩形圆角座椅，表面则覆盖了织物或皮革包覆层。"
58872,"JANE LOUNGE系列","Jane Lounge专为优雅环境而设计，营造舒适和私密的空间，高靠背是一大特色，结合了舒适感和美感，是一把完美的阅读椅。这款现代风格的扶手椅可以搭配让人回想起共享此系列线条的墩凳，让您更享放松。","Jane Lounge专为优雅环境而设计，营造舒适和私密的空间，高靠背是一大特色，结合了舒适感和美感，是一把完美的阅读椅。这款现代风格的扶手椅可以搭配让人回想起共享此系列线条的墩凳，让您更享放松。"
58587,"SENZAFINE衣帽间系列","Senzafine衣帽间以轻盈优雅但又不丧失坚固度的方式重新诠释了衣柜系列，更厚的侧面结构是这一特色的最好见证。通过无门设计，令储藏空间保持开放，赋予了最大的布置自由度。饰面既是“主角”也是装置，便于用户根据所需自由组合衣架筒、抽屉、搁架和拉出式托盘。衣帽间可搭配Senzafine岛式抽屉柜，从美学角度实现完美协调。","Senzafine衣帽间以轻盈优雅但又不丧失坚固度的方式重新诠释了衣柜系列，更厚的侧面结构是这一特色的最好见证。通过无门设计，令储藏空间保持开放，赋予了最大的布置自由度。饰面既是“主角”也是装置，便于用户根据所需自由组合衣架筒、抽屉、搁架和拉出式托盘。衣帽间可搭配Senzafine岛式抽屉柜，从美学角度实现完美协调。"
58836,"SANTA MONICA系列","Santa Monica扶手椅造型舒适，拥有量身定制的细节和不同的皮革或织物包覆层。羽绒填充物带来一种愉悦的休闲外观。","Santa Monica扶手椅造型舒适，拥有量身定制的细节和不同的皮革或织物包覆层。羽绒填充物带来一种愉悦的休闲外观。"
58579,"SENZAFINE抽屉柜","Senzafine是一款岛式抽屉柜，专为完善衣柜区域的优雅感而设计。此产品用途广泛，非常适于房间中央。事实上，Poliform可以定制抽屉柜的尺寸和装置，将抽屉柜与衣帽间的饰面相结合。","Senzafine是一款岛式抽屉柜，专为完善衣柜区域的优雅感而设计。此产品用途广泛，非常适于房间中央。事实上，Poliform可以定制抽屉柜的尺寸和装置，将抽屉柜与衣帽间的饰面相结合。"
58663,"PANDORA系列","Pandora系列是一套现代且百搭的橱柜。系列共分四种款型，均以门和抽屉的组合以及特殊的金属支脚为特色。橱柜始终散发无限美感，从所有哑光和亮光漆色以及不同木料中选择，可定制其结构和门。","Pandora系列是一套现代且百搭的橱柜。系列共分四种款型，均以门和抽屉的组合以及特殊的金属支脚为特色。橱柜始终散发无限美感，从所有哑光和亮光漆色以及不同木料中选择，可定制其结构和门。"
58830,"SANTA MONICA HOME系列","作为带头枕的一款经典阅读扶手椅，Santa Monica Home以其柔软而饱满的造型而与众不同。羽毛衬垫赋予其优雅休闲的外观，让您放松身心。扶手椅可以用织物或皮革包覆。","作为带头枕的一款经典阅读扶手椅，Santa Monica Home以其柔软而饱满的造型而与众不同。羽毛衬垫赋予其优雅休闲的外观，让您放松身心。扶手椅可以用织物或皮革包覆。"
58654,"CONCORDE系列","以书桌形式重新诠释了Concorde桌子轻盈而基础的造型，使系列成为家庭书房空间内不可或缺的陈设。精选材质，包括实木和精细饰面。Concorde可搭配或不搭配抽屉和皮革桌面。","以书桌形式重新诠释了Concorde桌子轻盈而基础的造型，使系列成为家庭书房空间内不可或缺的陈设。精选材质，包括实木和精细饰面。Concorde可搭配或不搭配抽屉和皮革桌面。"
58629,"PARK系列","Park长椅专为搭配同名床具而设计，让人回想起轻盈而现代的线条。其结构除金属款外亦有包覆款，支撑着织物或皮革软垫，与床具饰面相匹配。","Park长椅专为搭配同名床具而设计，让人回想起轻盈而现代的线条。其结构除金属款外亦有包覆款，支撑着织物或皮革软垫，与床具饰面相匹配。"
58711,"SOPHIE LITE系列","历史悠久的Sophie模型经过现代轻量化演变，成为了Sophie Lite系列。系列继承实木结构传统的同时，以织物或皮革覆盖的廓形靠背为特色。热情优雅的Sophie Lite是对起居空间陈设系列中所有桌款的全新而完美的补充。","历史悠久的Sophie模型经过现代轻量化演变，成为了Sophie Lite系列。系列继承实木结构传统的同时，以织物或皮革覆盖的廓形靠背为特色。热情优雅的Sophie Lite是对起居空间陈设系列中所有桌款的全新而完美的补充。"
58824,"IPANEMA系列","Ipanema是一款现代、精致、舒适且百搭的扶手椅。结构的基本设计与对舒适性的关注相结合，支撑垫或结构包覆了织物或皮革。Ipanema亦包括椅子产品，从品味和风格的角度让空间更为协调。","Ipanema是一款现代、精致、舒适且百搭的扶手椅。结构的基本设计与对舒适性的关注相结合，支撑垫或结构包覆了织物或皮革。Ipanema亦包括椅子产品，从品味和风格的角度让空间更为协调。"
58582,"SET UP系列","Set-Up岛式抽屉柜优雅而瑰丽，以收纳时呈现的玻璃台面和开放式隔间为特色。Set-Up系列的四面都经过精加工，以高价值饰面展现华贵感，可作为衣帽间中央的理想陈设。","Set-Up岛式抽屉柜优雅而瑰丽，以收纳时呈现的玻璃台面和开放式隔间为特色。Set-Up系列的四面都经过精加工，以高价值饰面展现华贵感，可作为衣帽间中央的理想陈设。"
58827,"MARLON系列","Marlon扶手椅的强烈个性源于木质底座与符合人体工程学的座椅主体的组合，款型包含两种搭配皮革或织物包覆层、但高度不同的靠背。这是一个“讲述”现代和考究语言的项目。","Marlon扶手椅的强烈个性源于木质底座与符合人体工程学的座椅主体的组合，款型包含两种搭配皮革或织物包覆层、但高度不同的靠背。这是一个“讲述”现代和考究语言的项目。"
58821,"VENTURA LOUNGE系列","作为对Ventura椅子的演化，Ventura Lounge重新采用了底座和座椅靠背之间的接缝，是一款非常舒适和优雅的扶手椅。为了提升放松感，靠背以人体工学方式延伸和倾斜。在个别织物款中，可以使用撞色的滚边轮廓呈现接缝效果。","作为对Ventura椅子的演化，Ventura Lounge重新采用了底座和座椅靠背之间的接缝，是一款非常舒适和优雅的扶手椅。为了提升放松感，靠背以人体工学方式延伸和倾斜。在个别织物款中，可以使用撞色的滚边轮廓呈现接缝效果。"
58886,"ONDA系列","Onda是一套专为完善Onda床具而设计的睡眠空间陈设。Onda由两个床头柜和一个抽屉柜组成，实木圆柱形的外观永不过时，重新诠释了曲线和技术诀窍。其顶面非常华贵，或运用性质完全相同的材料，或搭配精美的大理石和皮革饰面。皮革把手适用于抽屉柜和带两个抽屉的床头柜。","Onda是一套专为完善Onda床具而设计的睡眠空间陈设。Onda由两个床头柜和一个抽屉柜组成，实木圆柱形的外观永不过时，重新诠释了曲线和技术诀窍。其顶面非常华贵，或运用性质完全相同的材料，或搭配精美的大理石和皮革饰面。皮革把手适用于抽屉柜和带两个抽屉的床头柜。"
58504,"MARLON LOUNGE","Marlon 扶手椅的强烈个性源于木质底座和符合人体工程学的座椅主体的组合，提供两种不同高度的靠背，皮革或织物内饰。 一个讲现代和复杂语言的项目。","Marlon 扶手椅的强烈个性源于木质底座和符合人体工程学的座椅主体的组合，提供两种不同高度的靠背，皮革或织物内饰。 一个讲现代和复杂语言的项目。"
58590,"GENTLEMAN系列","Gentleman系列的床头柜和梳妆台自然呈现优雅姿态，将属于绅士的灵魂高贵感和考究美感引入睡眠空间。床头柜由纤细支脚支撑，以经典风格和精致细节为特色。梳妆台亦运用了弯曲而包络的线条，以不同元素彼此结合的连贯风格，完善了睡眠空间陈设系列。","Gentleman系列的床头柜和梳妆台自然呈现优雅姿态，将属于绅士的灵魂高贵感和考究美感引入睡眠空间。床头柜由纤细支脚支撑，以经典风格和精致细节为特色。梳妆台亦运用了弯曲而包络的线条，以不同元素彼此结合的连贯风格，完善了睡眠空间陈设系列。"
58898,"AUDREY系列","Audrey是一面浪漫而简约的镜子。壁挂版强化了柔和轮廓和纤薄框架，带画架的落地版则突出了特别的背部工艺与精致的金属支脚。镜子分为透明或古铜色两款。","Audrey是一面浪漫而简约的镜子。壁挂版强化了柔和轮廓和纤薄框架，带画架的落地版则突出了特别的背部工艺与精致的金属支脚。镜子分为透明或古铜色两款。"
58666,"BRISTOL系列","Bristol系列是一套从储物柜发展而来的陈设品，可搭配抽屉、开放式隔间和翻转门封闭式隔间。作为起居空间的理想陈设，Bristol可安置在墙壁上和房间中央，与Bristol沙发和小茶几系列相得益彰。","Bristol系列是一套从储物柜发展而来的陈设品，可搭配抽屉、开放式隔间和翻转门封闭式隔间。作为起居空间的理想陈设，Bristol可安置在墙壁上和房间中央，与Bristol沙发和小茶几系列相得益彰。"
58681,"SEATTLE系列","正如代表着演化发展的椅子一样，凳子也因其源自英国卓越鞋类传统的现代设计而引人注目。缝线和Broguer冲压突出了座椅、靠背和支腿上的全覆盖皮革包覆层。Seattle凳子有两种高度可选，对厨房小吃台和吧台均适用。正是在这种环境中，Seattle系列个性才得以尽情展现，进而成为厨房系列所有陈设的优雅补充。","正如代表着演化发展的椅子一样，凳子也因其源自英国卓越鞋类传统的现代设计而引人注目。缝线和Broguer冲压突出了座椅、靠背和支腿上的全覆盖皮革包覆层。Seattle凳子有两种高度可选，对厨房小吃台和吧台均适用。正是在这种环境中，Seattle系列个性才得以尽情展现，进而成为厨房系列所有陈设的优雅补充。"
58614,"ONDA系列","一款完美“立方体”搭配中央缝线，强调舒适感和柔软度。Onda墩凳完善了起居区的沙发风格，需要时还能变为一个额外的舒适座椅。","一款完美“立方体”搭配中央缝线，强调舒适感和柔软度。Onda墩凳完善了起居区的沙发风格，需要时还能变为一个额外的舒适座椅。"
58573,"CODE系列","CODE长凳作为此丰富系列产品中的陈设品之一，专为基于多种元素自由组合的起居空间设计，结合了美学和结构特质。长凳的顶面为涂漆或金属框架玻璃面，可以搭配底座或支脚，采用后者时凳身会略微高于地面。","CODE长凳作为此丰富系列产品中的陈设品之一，专为基于多种元素自由组合的起居空间设计，结合了美学和结构特质。长凳的顶面为涂漆或金属框架玻璃面，可以搭配底座或支脚，采用后者时凳身会略微高于地面。"
58730,"HOME HOTEL系列","作为同名系列的主角，Home Hotel桌子的特色在于经特殊设计的底座和精心挑选的饰面。桌子由黑色榆木制成，这是一种质朴而优雅的木材。圆形款饰有大理石中央旋转台面，与木材的厚度融为一体。精湛工艺结合了美感和制作诀窍。","作为同名系列的主角，Home Hotel桌子的特色在于经特殊设计的底座和精心挑选的饰面。桌子由黑色榆木制成，这是一种质朴而优雅的木材。圆形款饰有大理石中央旋转台面，与木材的厚度融为一体。精湛工艺结合了美感和制作诀窍。"
58693,"VENTURA系列","Ventura软垫椅子的特色在于靠背和扶手之间的特殊接合处，这一细节赋予椅子个性和性感。Ventura在舒适感和风格之间完美平衡，有木结构和金属结构两款，搭配各色哑光漆面，可与织物或皮革包覆层相结合。一款百搭的现代风椅子，轻巧而包络，适合家庭和集体环境。","Ventura软垫椅子的特色在于靠背和扶手之间的特殊接合处，这一细节赋予椅子个性和性感。Ventura在舒适感和风格之间完美平衡，有木结构和金属结构两款，搭配各色哑光漆面，可与织物或皮革包覆层相结合。一款百搭的现代风椅子，轻巧而包络，适合家庭和集体环境。"
58623,"JANE系列","Jane长凳优雅而精致，不仅搭配了带衬垫的座椅和纤巧动感的结构，还装有金属或木制支撑脚，非常适合放在桌旁、床脚边或过道空间中。长凳是丰富的Jane系列的一部分，可搭配各种衬垫元素。","Jane长凳优雅而精致，不仅搭配了带衬垫的座椅和纤巧动感的结构，还装有金属或木制支撑脚，非常适合放在桌旁、床脚边或过道空间中。长凳是丰富的Jane系列的一部分，可搭配各种衬垫元素。"
58611,"GANT系列","经典的方形墩凳，始终充满当代感。Gant搭配带加工衬垫的织物或皮革包覆层，无论是放在客厅或是衣帽间内，都展现了引人注目的优雅感。","经典的方形墩凳，始终充满当代感。Gant搭配带加工衬垫的织物或皮革包覆层，无论是放在客厅或是衣帽间内，都展现了引人注目的优雅感。"
58620,"NEW YORK系列","New York墩凳搭配搁脚板或独立元素，是沙发旁、卧室或衣帽间内的理想陈设。墩凳充分发挥经厂内锻造的支撑脚的作用，并以手工接缝为特色，此亦为高级时装的特色细节。","New York墩凳搭配搁脚板或独立元素，是沙发旁、卧室或衣帽间内的理想陈设。墩凳充分发挥经厂内锻造的支撑脚的作用，并以手工接缝为特色，此亦为高级时装的特色细节。"
58608,"CODE系列","Code橱柜系列是对同名起居陈设的补充，它包含一系列不同配置的置物柜，可搭配开放式隔间、抽屉、铰链门或翻转门。此系列的百搭特色体现于各种饰面，更赋予了每个橱柜或经典或现代的别样风格。内部装置包括隔板、抽屉以及许多选装附件，例如餐具托盘、纸托或笔架，具体取决于橱柜安置在用餐区还是书房。加高款橱柜在LED灯的照明之下，显得更为饱满。","Code橱柜系列是对同名起居陈设的补充，它包含一系列不同配置的置物柜，可搭配开放式隔间、抽屉、铰链门或翻转门。此系列的百搭特色体现于各种饰面，更赋予了每个橱柜或经典或现代的别样风格。内部装置包括隔板、抽屉以及许多选装附件，例如餐具托盘、纸托或笔架，具体取决于橱柜安置在用餐区还是书房。加高款橱柜在LED灯的照明之下，显得更为饱满。"
58596,"WALL系列","Wall系列作为历史悠久的Poliform起居空间陈设，是一个非常百搭的家装方案。此系列以书柜为基础又经不断演变，业已成为起居空间内的美学和功能中心。Wall系列的设计始于承重书柜，通过薄网格以及搁板、门、展示柜或大理石等珍贵材料的组合来减轻重量感。一系列元素均可扩展书柜的功能：例如用于构建酒吧角或家庭办公室的铰链门、滑动门或翻盖门，用于展示物品、艺术品、陶瓷和玻璃器皿的陈列柜、展台，以及抽屉、电视墙和照明系统。Wall系列的百搭作用亦表现在美学角度，所搭配的饰面可以为任何组合赋予个性与格调。","Wall系列作为历史悠久的Poliform起居空间陈设，是一个非常百搭的家装方案。此系列以书柜为基础又经不断演变，业已成为起居空间内的美学和功能中心。Wall系列的设计始于承重书柜，通过薄网格以及搁板、门、展示柜或大理石等珍贵材料的组合来减轻重量感。一系列元素均可扩展书柜的功能：例如用于构建酒吧角或家庭办公室的铰链门、滑动门或翻盖门，用于展示物品、艺术品、陶瓷和玻璃器皿的陈列柜、展台，以及抽屉、电视墙和照明系统。Wall系列的百搭作用亦表现在美学角度，所搭配的饰面可以为任何组合赋予个性与格调。"
58915,"KELLY系列","Kelly系列以不同饰面组合而成的和谐感为特色。轻盈纤细的实木底座同样应用织物或皮革包覆层，带衬垫的床架和柔软包覆的床头板更与众不同，让用户在使用中得到放松和休息。这款优雅床具拥有柔和的视觉效果，以高品质包覆层为优势。床头板亦分为内外两种不同的饰面，内部采用的牛巴戈和真丝混编工艺更添尊贵感，在做工和优雅感方面则接近时尚美学。Kelly床具是同名睡眠空间系列的组成部分，可以搭配抽屉柜和床头柜。","Kelly系列以不同饰面组合而成的和谐感为特色。轻盈纤细的实木底座同样应用织物或皮革包覆层，带衬垫的床架和柔软包覆的床头板更与众不同，让用户在使用中得到放松和休息。这款优雅床具拥有柔和的视觉效果，以高品质包覆层为优势。床头板亦分为内外两种不同的饰面，内部采用的牛巴戈和真丝混编工艺更添尊贵感，在做工和优雅感方面则接近时尚美学。Kelly床具是同名睡眠空间系列的组成部分，可以搭配抽屉柜和床头柜。"
58717,"FLUTE系列","Flute是一张优雅的小桌子，适合最私密的场合。个性经典的设计造型对Fluta进行了重新诠释，将如同高脚杯一般的薄而清爽的底座，与圆形顶面相结合，哑光或亮光漆面、大理石等所有可用饰面均可定制。","Flute是一张优雅的小桌子，适合最私密的场合。个性经典的设计造型对Fluta进行了重新诠释，将如同高脚杯一般的薄而清爽的底座，与圆形顶面相结合，哑光或亮光漆面、大理石等所有可用饰面均可定制。"
58699,"IPANEMA系列","Ipanema椅子原创而精致，百搭感极强：特殊的木质框架，可搭配或不搭配扶手，可与此系列的所有织物和皮革包覆层相结合，根据环境的品味和风格打造定制座椅。椅子也是包括扶手椅在内的大系列产品的一部分。","Ipanema椅子原创而精致，百搭感极强：特殊的木质框架，可搭配或不搭配扶手，可与此系列的所有织物和皮革包覆层相结合，根据环境的品味和风格打造定制座椅。椅子也是包括扶手椅在内的大系列产品的一部分。"
58733,"MONDRIAN系列","作为现代餐厅的新经典陈设，Mondrian重新诠释了同名系列沙发和小茶几的轻盈优雅设计。纤细轻盈的金属结构可定制为棕镍色或香槟色，而椭圆形、圆形或矩形的不同尺寸台面则精选了玻璃和大理石材质的尊贵饰面。","作为现代餐厅的新经典陈设，Mondrian重新诠释了同名系列沙发和小茶几的轻盈优雅设计。纤细轻盈的金属结构可定制为棕镍色或香槟色，而椭圆形、圆形或矩形的不同尺寸台面则精选了玻璃和大理石材质的尊贵饰面。"
58678,"SOPHIE LITE系列","Sophie Lite凳子通过更高、更纤细的元素重新诠释了同名椅子的经典优雅感。精致扶手和宽大座椅保持不变，其实木结构更通过搁脚板、功能与时尚细节而显得更加饱满。衬垫座椅可以搭配织物或皮革包覆层。","Sophie Lite凳子通过更高、更纤细的元素重新诠释了同名椅子的经典优雅感。精致扶手和宽大座椅保持不变，其实木结构更通过搁脚板、功能与时尚细节而显得更加饱满。衬垫座椅可以搭配织物或皮革包覆层。"
58669,"CODE系列","CODE是一套贯穿系列产品，拥有前所未有的设计自由度。CODE专为现代生活而设计，可延伸入睡眠空间。其中的护壁板、悬挂式储物柜与托架经重新诠释，或成为独立元素，或与衣柜和衣帽间相结合。为完善此系列，通过选择开放式隔间、展示柜、抽屉、铰链门或翻转门，可以实现橱柜的自由配置。此系列的百搭作用体现于各种饰面，产品可作为单个组件进行定制。","CODE是一套贯穿系列产品，拥有前所未有的设计自由度。CODE专为现代生活而设计，可延伸入睡眠空间。其中的护壁板、悬挂式储物柜与托架经重新诠释，或成为独立元素，或与衣柜和衣帽间相结合。为完善此系列，通过选择开放式隔间、展示柜、抽屉、铰链门或翻转门，可以实现橱柜的自由配置。此系列的百搭作用体现于各种饰面，产品可作为单个组件进行定制。"
58722,"HOWARD系列","Howard是一张具有基本风格的桌子。激光切割金属和木材制成的自支撑构造可以承载优雅的大理石或天然温暖的木制桌面。","Howard是一张具有基本风格的桌子。激光切割金属和木材制成的自支撑构造可以承载优雅的大理石或天然温暖的木制桌面。"
58702,"SEATTLE系列","设计现代，灵感源自传统。Seattle椅子因皮革内饰的细致工艺而与众不同，缝线和穿孔灵感则源自优雅的英国传统鞋履。这是一款独特且注重细节的产品。座椅和靠背像包覆层一样具有特别的舒适感，并与椅腿一样覆盖了皮革。","设计现代，灵感源自传统。Seattle椅子因皮革内饰的细致工艺而与众不同，缝线和穿孔灵感则源自优雅的英国传统鞋履。这是一款独特且注重细节的产品。座椅和靠背像包覆层一样具有特别的舒适感，并与椅腿一样覆盖了皮革。"
58570,"CODE系列","Code系列陈设的贯穿设计延伸到了睡眠空间。在专门用于休息和放松的空间中，这些储物柜亦可充当床头柜或抽屉柜，并搭配悬挂式和金属材料支撑脚。","Code系列陈设的贯穿设计延伸到了睡眠空间。在专门用于休息和放松的空间中，这些储物柜亦可充当床头柜或抽屉柜，并搭配悬挂式和金属材料支撑脚。"
58921,"PARK 1系列","在Poliform历史悠久的产品系列当中，Park 1床具因其宽大的衬垫床头板而与众不同。这款床具由两个超大靠垫组成，其包覆层材质各异，甚至床头板的内外侧材质也不尽相同。床架为涂漆金属材质，可搭配织物或皮革包覆层，体量很轻且始终装有金属支脚。选装一对滚轮可以让这款床具更加舒适，此外还可以搭配让人回想起Park线条且采用相同饰面的Park长椅。","在Poliform历史悠久的产品系列当中，Park 1床具因其宽大的衬垫床头板而与众不同。这款床具由两个超大靠垫组成，其包覆层材质各异，甚至床头板的内外侧材质也不尽相同。床架为涂漆金属材质，可搭配织物或皮革包覆层，体量很轻且始终装有金属支脚。选装一对滚轮可以让这款床具更加舒适，此外还可以搭配让人回想起Park线条且采用相同饰面的Park长椅。"
58883,"YOU系列","无可挑剔的美学和精湛的工艺：You系列睡眠空间陈设是一套以现代风格重新设计的橱柜系列产品。背面亦应用了独特的正面圆形造型，因此将抽屉柜和床头柜放在房间中央也是理想之选。","无可挑剔的美学和精湛的工艺：You系列睡眠空间陈设是一套以现代风格重新设计的橱柜系列产品。背面亦应用了独特的正面圆形造型，因此将抽屉柜和床头柜放在房间中央也是理想之选。"
58892,"KELLY系列","Kelly抽屉柜和床头柜的线条蜿蜒而精致，让人回想起与之自然相伴的床具线条。完美的椭圆形做工无可挑剔，可以搭配支脚或直接放在地上。与床一样，Kelly抽屉柜和床头柜也采用了精美饰面，如框架和正面为胡桃金木，支脚为香槟色金属，顶部为zecevo大理石。对于现代卧室，即便是最小的细节也能注入优雅。","Kelly抽屉柜和床头柜的线条蜿蜒而精致，让人回想起与之自然相伴的床具线条。完美的椭圆形做工无可挑剔，可以搭配支脚或直接放在地上。与床一样，Kelly抽屉柜和床头柜也采用了精美饰面，如框架和正面为胡桃金木，支脚为香槟色金属，顶部为zecevo大理石。对于现代卧室，即便是最小的细节也能注入优雅。"
58735,"KENSINGTON系列","Kensington雕塑桌以圆形模块框架为特色，支撑着由不同形状与大小的元素组成的桌面。Kensington系列桌子庞大而富有灵感，有圆形或矩形两款，可以作为起居空间或入口处的艺术品，也可以定制尊贵饰面。","Kensington雕塑桌以圆形模块框架为特色，支撑着由不同形状与大小的元素组成的桌面。Kensington系列桌子庞大而富有灵感，有圆形或矩形两款，可以作为起居空间或入口处的艺术品，也可以定制尊贵饰面。"
58705,"SOPHIE系列","Sophie是一款采用包覆式线条和宽大比例的椅子，以现代风格重新诠释了经典造型。其特色在于坚固且搭配了轻质实木结构。有带扶手或不带扶手两种款式，也可以搭配织物或皮革包覆层。","Sophie是一款采用包覆式线条和宽大比例的椅子，以现代风格重新诠释了经典造型。其特色在于坚固且搭配了轻质实木结构。有带扶手或不带扶手两种款式，也可以搭配织物或皮革包覆层。"
58720,"BLADE系列","造型的简约感与客厅桌子木材的温暖感相得益彰，基本的线条和几何形状是其特色。Blade系列包含方形或矩形款，后者甚至可以厘米定制。","造型的简约感与客厅桌子木材的温暖感相得益彰，基本的线条和几何形状是其特色。Blade系列包含方形或矩形款，后者甚至可以厘米定制。"
58687,"MANTA系列","采用基本线条的Manta椅子热烈而又温馨。有带扶手或不带扶手两种款式。Manta完全由皮革填充和覆盖，非常适合放在重要的桌子周围，得益于其特性，也可以单独作为办公桌椅使用。","采用基本线条的Manta椅子热烈而又温馨。有带扶手或不带扶手两种款式。Manta完全由皮革填充和覆盖，非常适合放在重要的桌子周围，得益于其特性，也可以单独作为办公桌椅使用。"
58617,"PLAY系列","Play墩凳将简约线条与织物或皮革衬垫及包覆层的舒适感相结合，亦可运用特殊工艺，如折叠底部、马特拉斯绗缝和牛巴戈编织皮革。","Play墩凳将简约线条与织物或皮革衬垫及包覆层的舒适感相结合，亦可运用特殊工艺，如折叠底部、马特拉斯绗缝和牛巴戈编织皮革。"
58599,"QUID系列","Quid由护壁板和搁板组成，是一套基于储物装置的起居空间陈设。从入口到客厅，从家庭办公区到衣帽间，Quid也是一套专为现代家居而设计的百搭原创解决方案。尊贵饰面和先进技术工艺体现在每个元素、甚至是最小细节当中。","Quid由护壁板和搁板组成，是一套基于储物装置的起居空间陈设。从入口到客厅，从家庭办公区到衣帽间，Quid也是一套专为现代家居而设计的百搭原创解决方案。尊贵饰面和先进技术工艺体现在每个元素、甚至是最小细节当中。"
58910,"JACQUELINE系列","Jacqueline是一张搭配软垫床头板的织物床，外观舒适，风格休闲。在织物款型中，床头板和床架的特色是刺绣嵌件和撞色盘扣。无论是双人或单人床，床箱均搭配了固定、解剖或折叠底座，此外，Jacqueline亦包含皮革包覆款。选装一对滚轮可使床更加舒适。","Jacqueline是一张搭配软垫床头板的织物床，外观舒适，风格休闲。在织物款型中，床头板和床架的特色是刺绣嵌件和撞色盘扣。无论是双人或单人床，床箱均搭配了固定、解剖或折叠底座，此外，Jacqueline亦包含皮革包覆款。选装一对滚轮可使床更加舒适。"
58714,"TREVI系列","由于Trevi的基本设计由缩减厚度和几何形状构成，因此这是一款现代风格的桌子，可以匹配房屋的各个空间。Trevi系列包含方形或矩形款，顶面和支腿采用哑光漆面，亦有防刮层款。","由于Trevi的基本设计由缩减厚度和几何形状构成，因此这是一款现代风格的桌子，可以匹配房屋的各个空间。Trevi系列包含方形或矩形款，顶面和支腿采用哑光漆面，亦有防刮层款。"
58690,"GUEST系列","Guest是一把优雅的椅子，它的名称和视觉观感暗示着热情舒适的理念。得益于大比例及柔和线条，Guest更像是一把扶手椅而非普通椅，非常适合摆放在桌子周围，也可以单独放置在书桌旁边。","Guest是一把优雅的椅子，它的名称和视觉观感暗示着热情舒适的理念。得益于大比例及柔和线条，Guest更像是一把扶手椅而非普通椅，非常适合摆放在桌子周围，也可以单独放置在书桌旁边。"
58727,"CONCORDE系列","Concorde桌子以实木结构而著称，特色在于突出了具有Poliform工匠精神的精致橱柜制作工艺。桌面为矩形或圆形，亦包括中置旋转台面，制作材料包括大理石、玻璃和各类木料。Concorde系列尊贵、重要而不可或缺，是Poliform起居空间陈设系列中的经典之作。Concorde通常与Grace椅子搭配使用，后者将坚实而又基本的线条与尊贵材料结合，打造出精致而永恒优雅的餐厅基石。","Concorde桌子以实木结构而著称，特色在于突出了具有Poliform工匠精神的精致橱柜制作工艺。桌面为矩形或圆形，亦包括中置旋转台面，制作材料包括大理石、玻璃和各类木料。Concorde系列尊贵、重要而不可或缺，是Poliform起居空间陈设系列中的经典之作。Concorde通常与Grace椅子搭配使用，后者将坚实而又基本的线条与尊贵材料结合，打造出精致而永恒优雅的餐厅基石。"
58696,"GRACE系列","Grace椅子是真正的当代经典之作，采用细长的实木结构和柔软温馨的座椅，可以搭配或不搭配扶手。这把椅子既是一种美学元素，也是对生活需求的一种功能性回应：搭配织物或皮革包覆层，令牛巴戈和丝绸饰面的编织皮革靠背更加精致。Grace椅子通常搭配Concorde桌子，两者共享基本线条和尊贵材料。","Grace椅子是真正的当代经典之作，采用细长的实木结构和柔软温馨的座椅，可以搭配或不搭配扶手。这把椅子既是一种美学元素，也是对生活需求的一种功能性回应：搭配织物或皮革包覆层，令牛巴戈和丝绸饰面的编织皮革靠背更加精致。Grace椅子通常搭配Concorde桌子，两者共享基本线条和尊贵材料。"
58675,"VENTURA系列","Ventura凳子出自同名座椅系列，采用了独特的结构。Ventura旨在搭配最具现代感的厨房小吃台面，凭借靠背和衬垫将现代感和舒适度结合，也可根据需要搭配织物或皮革包覆层。不锈钢脚凳让坐姿更为自如。","Ventura凳子出自同名座椅系列，采用了独特的结构。Ventura旨在搭配最具现代感的厨房小吃台面，凭借靠背和衬垫将现代感和舒适度结合，也可根据需要搭配织物或皮革包覆层。不锈钢脚凳让坐姿更为自如。"
58684,"BB系列","BB是一款设计先进的椅子，皮革包覆的外骨骼中注入了非常轻的聚氨酯泡沫，赋予椅子造型和舒适度。这款椅子侧重材料效率，实现了全新的极佳美感。","BB是一款设计先进的椅子，皮革包覆的外骨骼中注入了非常轻的聚氨酯泡沫，赋予椅子造型和舒适度。这款椅子侧重材料效率，实现了全新的极佳美感。"
58912,"REVER系列","宽大的比例适合现代风格的床，搭配优雅的包覆软垫床头板，造型如男士夹克的翻领。Poliform的Rever系列床品旨在成为卧室的“主角”，房间中央是最佳摆放位置，略微倾斜的床头板和床头板前部精致的衬垫效果工艺，呈现出轻微的颜色对比。床铺搭配织物或皮革包覆层，亦带有牛巴戈细节。Rever可提供固定式、解剖式或折叠式床基。","宽大的比例适合现代风格的床，搭配优雅的包覆软垫床头板，造型如男士夹克的翻领。Poliform的Rever系列床品旨在成为卧室的“主角”，房间中央是最佳摆放位置，略微倾斜的床头板和床头板前部精致的衬垫效果工艺，呈现出轻微的颜色对比。床铺搭配织物或皮革包覆层，亦带有牛巴戈细节。Rever可提供固定式、解剖式或折叠式床基。"
58880,"ABBINABILI","La serie Abbinabili è una collezione storica e consolidata tra le più apprezzate. Merito di un design essenziale che supera il passare del tempo, ma anche dell’ingegno del dipartimento Research&amp;Development di Poliform, che adegua costantemente dettagli e finiture all’estetica e alle esigenze più attuali. Per il suo design lineare e senza tempo, la serie Abbinabili si affianca a tutti i letti della collezione, negli ambienti più diversi. Particolare la lavorazione a 45° di top e cassetti, che si aprono sul lato. La collezione è completata da un settimanale con quattro cassetti e ribalta, che diventa un elegante secrétaire con accessori in essenza.","La serie Abbinabili è una collezione storica e consolidata tra le più apprezzate. Merito di un design essenziale che supera il passare del tempo, ma anche dell’ingegno del dipartimento Research&amp;Development di Poliform, che adegua costantemente dettagli e finiture all’estetica e alle esigenze più attuali. Per il suo design lineare e senza tempo, la serie Abbinabili si affianca a tutti i letti della collezione, negli ambienti più diversi. Particolare la lavorazione a 45° di top e cassetti, che si aprono sul lato. La collezione è completata da un settimanale con quattro cassetti e ribalta, che diventa un elegante secrétaire con accessori in essenza."
58672,"ICS系列","ICS凳子完美结合了质感和坚固度，以正方形几何形状为基础，圆角亦使之更为柔和。为了支撑座椅，采用了四根倾斜的坚固凳腿。","ICS凳子完美结合了质感和坚固度，以三角形和正方形几何形状为基础，圆角亦使之更为柔和。为了支撑座椅，采用了三条或四根倾斜但坚固的凳腿。"
58918,"CHLOE系列","Chloe床具的特色在于包覆床头板带有两个小翅膀，这种独特造型也应用在了同系列的抽屉柜和床头柜中，为睡眠空间赋予协调的美感。织物或皮革包覆层经完全填充，由同色或撞色罗缎制成。选装一对滚轮可使床更加舒适。Chloe有固定式、解剖式或折叠式储物底座可选。","Chloe床具的特色在于包覆床头板带有两个小翅膀，这种独特造型也应用在了同系列的抽屉柜和床头柜中，为睡眠空间赋予协调的美感。织物或皮革包覆层经完全填充，由同色或撞色罗缎制成。选装一对滚轮可使床更加舒适。Chloe有固定式、解剖式或折叠式储物底座可选。"
58889,"DREAM系列","Dream是一套具有基础现代风格的睡眠空间陈设，可以与同名床有机组合，或进一步与睡眠空间中的所有床品相结合。系列设计始终与时俱进，除了床头柜、立屉柜和抽屉柜，亦包含带支撑脚的书桌。","Dream是一套具有基础现代风格的睡眠空间陈设，可以与同名床有机组合，或进一步与睡眠空间中的所有床品相结合。系列设计始终与时俱进，除了床头柜、立屉柜和抽屉柜，亦包含带支撑脚的书桌。"
58908,"DREAM系列","Dream是一张现代风格的床，结合了带圆形和基本线条的底座以及带衬垫的面板，以个性化的原始方式装饰休息空间。这款床是家庭环境和酒店的理想之选，共分三款：在搭配护墙板的款式中，覆盖织物或皮革的面板亦可用作床头板和护壁板，另外两款分别是有衬垫和无衬垫款。Dream床有固定式、解剖式或折叠式床基可选。选装一对滚轮可使床更加舒适。","Dream是一张现代风格的床，结合了带圆形和基本线条的底座以及带衬垫的面板，以个性化的原始方式装饰休息空间。这款床是家庭环境和酒店的理想之选，共分三款：在搭配护墙板的款式中，覆盖织物或皮革的面板亦可用作床头板和护壁板，另外两款分别是有衬垫和无衬垫款。Dream床有固定式、解剖式或折叠式床基可选。选装一对滚轮可使床更加舒适。"
58895,"CHLOE系列","有一系列伴随Chloe床摆放的附件，灵感源自床头板向内折叠的特殊设计。在Chloe床头柜和抽屉柜中，带皮革包覆层的金属支撑侧成为了标志性细节，呈现出轻盈和个性。","有一系列伴随Chloe床摆放的附件，灵感源自床头板向内折叠的特殊设计。在Chloe床头柜和抽屉柜中，带皮革包覆层的金属支撑侧成为了标志性细节，呈现出轻盈和个性。"
58903,"ONDA系列","线条充满现代感，体现历史悠久的制造诀窍。Onda系列包括一张床、床头柜和抽屉柜，呈现历史与现代之间的平衡。Onda床以简单曲线为基础，由底座和床头板组成了整体。为支撑可容纳床垫的软垫结构，搭配了轻盈的金属支脚。整体构造搭配衬垫工艺皮革包覆层，缝线则营造出独特的棋盘格效果。时至今日，制作工艺一如上世纪，仍以纯手工方式完成。源自睡眠空间陈设系列的Unicum是每间卧室的“主角”，而Onda则让您在家或酒店中放松并休息。选装一对滚轮可使之更加舒适，亦可搭配固定或解剖底座。","线条充满现代感，体现历史悠久的制造诀窍。Onda系列包括一张床、床头柜和抽屉柜，呈现历史与现代之间的平衡。Onda床以简单曲线为基础，由底座和床头板组成了整体。为支撑可容纳床垫的软垫结构，搭配了轻盈的金属支脚。整体构造搭配衬垫工艺皮革包覆层，缝线则营造出独特的棋盘格效果。时至今日，制作工艺一如上世纪，仍以纯手工方式完成。源自睡眠空间陈设系列的Unicum是每间卧室的“主角”，而Onda则让您在家或酒店中放松并休息。选装一对滚轮可使之更加舒适，亦可搭配固定或解剖底座。"
58906,"ARCA系列","Arca是一款百搭床品，在织物底座旁边放置两种类型的床头板，即可进行定制：绗缝床头板更浪漫，光滑床头板更基础。Poliform的方案诠释了不同的风格，适用于各种床垫，即使是单一款也可以。除了固定和解剖底座外，Arca亦设计了折叠式储物底座。","Arca是一款百搭床品，在织物底座旁边放置两种类型的床头板，即可进行定制：绗缝床头板更浪漫，光滑床头板更基础。Poliform的方案诠释了不同的风格，适用于各种床垫，即使是单一款也可以。除了固定和解剖底座外，Arca亦设计了折叠式储物底座。"
58552,"网格和床垫","",""
58555,"内衬垫","",""
